video_id,title,channel_title,published_at,views,likes,comments,engagement_score
iZE1NYmyyh0,Massa Massa Lyrical Video | Peddi | Ram Charan | Buchi Babu | Janhvi | AR Rahman | Vishal Mishra,T-Series Telugu,2026-06-01 15:45:49+00:00,1975327,93697,1666,95363
XXxUqLHq1xg,"Cocktail 2 Official Trailer | Shahid Kapoor, Kriti Sanon, Rashmika Mandanna | In Cinemas 19th June",Maddock Films,2026-06-02 08:05:33+00:00,7344820,57737,3751,61488
2CvGbR_RkM8,I STARTED MY OWN CAR BUSINESS | GTA 5 GAMEPLAY #169,Techno Gamerz,2026-06-01 03:30:27+00:00,11140521,583891,45215,629106
3CDOd4GdcUQ,Ucha Lamba Kad Forever | Welcome to the Jungle | Akshay Kumar | Disha Patani | Vikram M | 26th June,Times Music,2026-06-01 05:46:03+00:00,10013392,93029,16314,109343
cc8FDOConV0,"Gatta Kusthi 2 - Teaser | Vishnu Vishal, Aishwarya Lekshmi | Chella Ayyavu | Sean Roldan | Vels",Sony Music South,2026-06-02 11:36:13+00:00,866137,42445,376,42821
cmW7CFyl930,[HINDI] BMPS 2026 | SURVIVAL STAGE | Day 1 #BGMILIVE,KRAFTON INDIA ESPORTS,2026-06-02 15:16:22+00:00,1931476,60265,64,60329
vrY1THC_NQE,IShowSpeed - World Cup (Champions) [Official Music Video],IShowSpeed,2026-06-01 15:00:06+00:00,5473013,796937,63001,859938
5xhDawcDVkE,Bharat Bhhagya Viddhaata | The Unseen Heroes | Trailer | Kangana Ranaut | In Cinemas 12th June,Pen Movies,2026-06-02 12:12:06+00:00,1624695,14075,1335,15410
hk-jjj2dk4Q,We Found OUR VERSIONS in Minecraft...,Carry Depie,2026-06-01 12:08:42+00:00,1185950,18084,933,19017
TWZD5c51VFQ,Sigma Style - Song Promo | Sigma (Tamil) | Sundeep Kishan | Faria Abdullah | Jason Sanjay | Thaman S,Saregama Tamil,2026-06-01 11:30:03+00:00,317451,11794,240,12034
63nWAOFHuEE,"Aara Hile Chhapra Hile | Official Trailer | Preeti Shukla, Jyoti Mishra | Bhojpuri New Movie 2026",Bhojpuri Cinema TV Channel,2026-06-01 01:30:31+00:00,346613,2566,32,2598
za6mr7Nu0aA,🔴GTA 5 LIVE – DON’T BLINK I USED A SECRET GTA 5 MOD ON LIVE STREAM #gtalive #gtaonline,RSG SIDHARTH YT,2026-06-02 08:40:42+00:00,1058708,3004,1,3005
1xHbT6QjYFg,"Ankhiya Ladal Ba Jab Se - Sainya Ke Sath Madhaiya Me - #Pawan Singh, Monalisha - #Bhojpuri Song",Sky Music World,2026-05-28 00:30:09+00:00,399925,1194,16,1210
RdB_TgwLPqs,"Raakh - Official Trailer | Ali Fazal, Sonali Bendre, Aamir Bashir, Rakesh Bedi | Prime Video India",Prime Video India,2026-06-01 06:30:16+00:00,977796,16605,538,17143
yNWig6Xu68k,How I Dominated The MOST PEACEFUL Minecraft SMP,SenpaiExtras,2026-06-01 07:31:30+00:00,1042694,48796,4721,53517
z2mMRrDi0eU,Tera Fitoor Jab Se Chadh Gaya Re - Lyrics | Arijit Singh | Himesh Reshammiya | Evergreen Love Song,Melody Songs Box,2026-05-30 11:30:28+00:00,262012,954,18,972
Zki0Y_auEcA,Drishyam 3 - Success Trailer | Mohanlal | Jeethu Joseph | Meena | Running Successfully,Aashirvad Cinemas,2026-06-02 13:05:01+00:00,76050,3420,305,3725
DDZmssRzATU,[EN] 2026 PMGO S1 Main Event | Group A | PUBG MOBILE GLOBAL OPEN Season 1,PUBG MOBILE Esports,2026-06-02 17:03:41+00:00,485897,10392,204,10596
icbaNiaTjKo,#Video | लिये ना पैलियौ | #Aashish Yadav & #Anjali Bharti | Liye Na Pailiyau | New Maghi Song 2026,Gannayak Films,2026-06-02 01:15:24+00:00,164281,15049,723,15772
3nElVHkpuKo,Hotstar Specials: Thukra Ke Mera Pyaar Season 2 | Official Trailer | June 19 | Sanchita Bashu ,JioHotstar,2026-06-01 06:33:44+00:00,2707284,8383,249,8632
g73Ys3Q8rMA,POOR vs RICH Submarine Battle in Minecraft,AdiSpot,2026-06-01 11:30:34+00:00,479697,5615,263,5878
t6StVXWM6p0,#Video | #रंगदारी #मगही - #Raushan Rohi | सोभौ हाथे हथियरबा | #Srishti Bharti | #Maghi Rangdari Song,Raushan Rohi Entertainment,2026-06-01 01:00:25+00:00,432083,20235,1166,21401
mEOSt2v0FEE,POPPY PLAYTIME CHAPTER 6 TEASER TRAILER REACTION | AYUSH MORE 😱,Ayush More 2.0,2026-06-02 09:53:49+00:00,161816,9214,9117,18331
H8GtcP4VBAU,Hunting Ghosts in Phasmophobia with OG Gang🛑,Live Insaan,2026-06-01 19:50:56+00:00,891880,37174,992,38166
2SqRi-bt8vU,Barsaat Ke Mausam Mein Lyrics | Naajayaz (1995) | Naseeruddin Shah | Kumar Sanu | Roop Kumar Rathod,Romantic Hindi Songs,2026-05-31 04:30:13+00:00,572109,1871,13,1884
x9qiUBtFgH4,Parimala and Co - Trailer | Jayaram | Urvasi | Pandiraaj | Sandy | Sanjana | Ananthika | Foxn,Think Music India,2026-05-29 12:25:06+00:00,2458495,49452,1012,50464
JIqWi3gDgCc,Rich vs Poor Prison Survival Battle in Minecraft..,AlphaExtra,2026-06-02 05:16:20+00:00,281437,5080,162,5242
JJhAotH12lo,Video | बबुआन | Pawan Singh | Babuaan | Shilpi Raj | Chandani Singh | Bhojpuri Song,Fadu Music,2026-05-29 04:30:04+00:00,97669,288,1,289
lUB3HZziEZI,Avengers Doomsday TRAILER Today  ? - Superhero News #339 (தமிழ்),Mokka Commentry,2026-06-02 11:53:05+00:00,37451,3966,213,4179
uGwsF0CfKpY,DOORBIN Got PREGNANT in Minecraft!,Karry Kraft,2026-06-02 13:17:12+00:00,249118,5568,375,5943
82-jTNka3uc,Ariana Grande - hate that i made you love me (official music video),ArianaGrandeVevo,2026-06-01 15:00:06+00:00,4739241,560282,30804,591086
3oB9AxspVow,The End of Oak Street | Official Trailer,Warner Bros.,2026-06-01 13:00:20+00:00,4959580,49365,3853,53218
ZCam-k6nAyE,الرجل العنكبوت انقاذ باتمان Spider-Man Rescue batman vs iron man vs venom funny Game GTA 5 superhero,hamad alketbi,2026-06-01 16:21:23+00:00,1034554,22151,7534,29685
wLkO_xTeQxc,"Cheez Badi Song | Neha Kakkar, Udit Narayan | Tanishk B, Viju Sh | Anand B, Shabbir A | Machine",Khalid Siyam,2026-05-27 12:17:00+00:00,174897,1096,7,1103
yCLwk1WaXvI,Ghabadkund | घबाडकुंड |Official Trailer | Sandeep P | Devdatta N |Kushal B | Pritam Patil |19th June,Rajshri Marathi,2026-06-01 12:30:14+00:00,89337,3648,416,4064
QMxFeLJe4p4,Anzu Senpai Plays Granny Live #shortslive #granny #shorts #shortsfeed,ANZU SENPAI,2026-06-02 09:35:40+00:00,663146,2659,8,2667
LLoOe825fz4,O Chhaila Babu Tu Kal Phir Aana,Bhagwat Suthar - Topic,2026-05-30 12:30:35+00:00,169286,1497,0,1497
fTlYft_WraU,CHUPA CHUPI Official Trailer | In Cinemas June12 | Pranab Bharali |Atlas Creation | DJ Entertainment,Atlas Creation,2026-05-31 12:35:06+00:00,139292,8366,574,8940
gzTRqfLGnQY,🔴[Live Free Fire New Rank Season Rank Push Live !!,VISHNU RAJPUT GAMING,2026-06-02 12:10:25+00:00,368176,8521,6,8527
UjeJxCAu2c4,#Video | Aawa Raja Patna | Dharamveer Singh & #Khushi Kakkar | आवा राजा पटना | New #Bhojpuri Song,Dharamveer Singh Official,2026-05-31 01:00:10+00:00,228164,2742,60,2802
7jTsC28z9PY,Doomsday & Spider-Man Trailers confirmed? - RoastVerse 171,ComicVerse,2026-05-31 08:34:22+00:00,438694,22887,489,23376
MSzQ8rQQhDs,PRO GHOST HUNTERS IN PHASMOPHOBIA 😱,NotGamerFleet,2026-06-02 08:35:17+00:00,353139,34794,3306,38100
WmFm7-lNq9I,"Junoon (Official Video) - Khan Bhaini, Gurlez Akhtar, Raj Shoker, Guri N | New Punjabi Songs 2026",Khan Bhaini,2026-05-30 06:27:32+00:00,1465486,30620,1065,31685
wob0NDMQqGY,Save The Tigers 3 | Hotstar Specials | Official Trailer | June 19 | JioHotstar,JioHotstar Telugu,2026-05-30 11:48:45+00:00,914753,13342,164,13506
3C0epHmMYXg,PLAYING AS KAMLA IN NANIMA INDIAN HORROR GAME || KAMLA VS NANIMA FULL VIDEO,ANADHIKA GAMING,2026-06-02 04:30:01+00:00,155825,2020,390,2410
G67Oz43fxe4,Thari Bhabhi Hove Naraj Maine Pini Chod di | Raju Punjabi Song | New Haryanvi Song 2026 | Haryanvi,Braveheart Music,2026-05-29 07:51:24+00:00,175031,572,3,575
Pjt-P9aCd6E,Cocktail 2 Trailer REACTION | Suraj Kumar,Suraj Kumar Reacts,2026-06-02 10:39:21+00:00,28373,1852,179,2031
imrsaCM3zzs,A GAME FULL OF BRAINROT | Scary Game 2 Mad Shepherd,BeastBoyShub,2026-06-02 04:37:19+00:00,313914,29084,1604,30688
DopofLS0ikY,"#4KVideo Song | बेलना से मारलको सजना | #Ashish_Yadav, Srishti Bharti का सुपरहिट गाना New Maghi 2026",Sambhu Entertainment Maghi,2026-05-31 01:00:07+00:00,435912,17261,534,17795
nXkrM9Vs0UA,ଛକି ଶୂନ | Chhaki Suna Teaser 2 | Odia Movie | Anubhav Mohanty | Divya | Sambhabana | Abhishek,Amara Muzik Odia,2026-05-31 10:30:06+00:00,112834,6989,624,7613
